{
	"frames": [
		{
			"filename": "xu_1.png",
			"frame": {
				"x": 1,
				"y": 1,
				"w": 85,
				"h": 85
			},
			"rotated": false,
			"trimmed": false,
			"spriteSourceSize": {
				"x": 0,
				"y": 0,
				"w": 85,
				"h": 85
			},
			"sourceSize": {
				"w": 85,
				"h": 85
			},
			"pivot": {
				"x": 0.5,
				"y": 0.5
			}
		},
		{
			"filename": "xu_2.png",
			"frame": {
				"x": 88,
				"y": 1,
				"w": 85,
				"h": 96
			},
			"rotated": false,
			"trimmed": false,
			"spriteSourceSize": {
				"x": 0,
				"y": 0,
				"w": 85,
				"h": 96
			},
			"sourceSize": {
				"w": 85,
				"h": 96
			},
			"pivot": {
				"x": 0.5,
				"y": 0.5
			}
		},
		{
			"filename": "xu_3.png",
			"frame": {
				"x": 175,
				"y": 1,
				"w": 85,
				"h": 152
			},
			"rotated": false,
			"trimmed": false,
			"spriteSourceSize": {
				"x": 0,
				"y": 0,
				"w": 85,
				"h": 152
			},
			"sourceSize": {
				"w": 85,
				"h": 152
			},
			"pivot": {
				"x": 0.5,
				"y": 0.5
			}
		},
		{
			"filename": "xu_4.png",
			"frame": {
				"x": 262,
				"y": 1,
				"w": 85,
				"h": 519
			},
			"rotated": false,
			"trimmed": false,
			"spriteSourceSize": {
				"x": 0,
				"y": 0,
				"w": 85,
				"h": 519
			},
			"sourceSize": {
				"w": 85,
				"h": 519
			},
			"pivot": {
				"x": 0.5,
				"y": 0.5
			}
		},
		{
			"filename": "xu_5.png",
			"frame": {
				"x": 1,
				"y": 522,
				"w": 85,
				"h": 45
			},
			"rotated": false,
			"trimmed": false,
			"spriteSourceSize": {
				"x": 0,
				"y": 0,
				"w": 85,
				"h": 45
			},
			"sourceSize": {
				"w": 85,
				"h": 45
			},
			"pivot": {
				"x": 0.5,
				"y": 0.5
			}
		},
		{
			"filename": "xu_6.png",
			"frame": {
				"x": 88,
				"y": 522,
				"w": 85,
				"h": 94
			},
			"rotated": false,
			"trimmed": false,
			"spriteSourceSize": {
				"x": 0,
				"y": 0,
				"w": 85,
				"h": 94
			},
			"sourceSize": {
				"w": 85,
				"h": 94
			},
			"pivot": {
				"x": 0.5,
				"y": 0.5
			}
		},
		{
			"filename": "xu_7.png",
			"frame": {
				"x": 175,
				"y": 522,
				"w": 85,
				"h": 51
			},
			"rotated": false,
			"trimmed": false,
			"spriteSourceSize": {
				"x": 0,
				"y": 0,
				"w": 85,
				"h": 51
			},
			"sourceSize": {
				"w": 85,
				"h": 51
			},
			"pivot": {
				"x": 0.5,
				"y": 0.5
			}
		},
		{
			"filename": "xu_8.png",
			"frame": {
				"x": 262,
				"y": 522,
				"w": 85,
				"h": 76
			},
			"rotated": false,
			"trimmed": false,
			"spriteSourceSize": {
				"x": 0,
				"y": 0,
				"w": 85,
				"h": 76
			},
			"sourceSize": {
				"w": 85,
				"h": 76
			},
			"pivot": {
				"x": 0.5,
				"y": 0.5
			}
		},
		{
			"filename": "xu_9.png",
			"frame": {
				"x": 1,
				"y": 600,
				"w": 85,
				"h": 63
			},
			"rotated": false,
			"trimmed": false,
			"spriteSourceSize": {
				"x": 0,
				"y": 0,
				"w": 85,
				"h": 63
			},
			"sourceSize": {
				"w": 85,
				"h": 63
			},
			"pivot": {
				"x": 0.5,
				"y": 0.5
			}
		}
	],
	"meta": {
		"app": "http://www.codeandweb.com/texturepacker",
		"version": "1.0",
		"image": "spritesheet.png",
		"format": "RGBA8888",
		"size": {
			"w": 348,
			"h": 664
		},
		"scale": "1"
	}
}